{
  "run_id": "logreg_seed42_1761362412",
  "metrics": {
    "run_id": "logreg_seed42_1761362412",
    "test_auc": 0.9058441558441559,
    "test_ap": 0.8765500840244124,
    "accuracy@0.5": 0.8360655737704918,
    "precision@0.5": 0.8,
    "recall@0.5": 0.8571428571428571,
    "f1@0.5": 0.8275862068965517,
    "brier": 0.13148439983266666
  },
  "best_threshold_by_f1": 0.5
}